quarter,real_gnp_billions_1987_dollars_ALFRED_GNPC96_vintage_1994-03-15
1951-01-01,1511.2
1951-04-01,1557.1
1951-07-01,1594.9
1951-10-01,1606.2
1952-01-01,1617.3
1952-04-01,1621.8
1952-07-01,1631.3
1952-10-01,1666.8
1953-01-01,1696.2
1953-04-01,1704.8
1953-07-01,1696.2
1953-10-01,1679.6
1954-01-01,1669.9
1954-04-01,1667.5
1954-07-01,1686.9
1954-10-01,1708.8
1955-01-01,1753.3
1955-04-01,1769.1
1955-07-01,1788.8
1955-10-01,1804.8
1956-01-01,1799.2
1956-04-01,1810.6
1956-07-01,1814.6
1956-10-01,1837.4
1957-01-01,1849.3
1957-04-01,1848.8
1957-07-01,1864.6
1957-10-01,1841.0
1958-01-01,1800.8
1958-04-01,1815.4
1958-07-01,1851.4
1958-10-01,1891.2
1959-01-01,1915.1
1959-04-01,1947.7
1959-07-01,1941.8
1959-10-01,1953.6
1960-01-01,1988.1
1960-04-01,1983.3
1960-07-01,1985.8
1960-10-01,1974.0
1961-01-01,1991.1
1961-04-01,2018.9
1961-07-01,2048.4
1961-10-01,2090.1
1962-01-01,2117.3
1962-04-01,2140.6
1962-07-01,2157.7
1962-10-01,2157.6
1963-01-01,2187.4
1963-04-01,2215.3
1963-07-01,2253.6
1963-10-01,2271.0
1964-01-01,2329.3
1964-04-01,2347.3
1964-07-01,2375.4
1964-10-01,2380.6
1965-01-01,2429.1
1965-04-01,2462.5
1965-07-01,2503.8
1965-10-01,2560.3
1966-01-01,2613.8
1966-04-01,2618.5
1966-07-01,2642.7
1966-10-01,2657.8
1967-01-01,2674.2
1967-04-01,2685.5
1967-07-01,2717.9
1967-10-01,2732.8
1968-01-01,2770.3
1968-04-01,2815.6
1968-07-01,2836.0
1968-10-01,2840.6
1969-01-01,2883.6
1969-04-01,2886.0
1969-07-01,2901.7
1969-10-01,2892.2
1970-01-01,2885.5
1970-04-01,2877.9
1970-07-01,2913.0
1970-10-01,2889.7
1971-01-01,2959.7
1971-04-01,2965.4
1971-07-01,2981.2
1971-10-01,2997.4
1972-01-01,3058.4
1972-04-01,3110.5
1972-07-01,3148.4
1972-10-01,3197.8
1973-01-01,3279.4
1973-04-01,3295.6
1973-07-01,3297.2
1973-10-01,3322.1
1974-01-01,3298.4
1974-04-01,3304.3
1974-07-01,3272.2
1974-10-01,3254.6
1975-01-01,3177.3
1975-04-01,3213.9
1975-07-01,3275.5
1975-10-01,3323.6
1976-01-01,3386.8
1976-04-01,3400.5
1976-07-01,3412.7
1976-10-01,3448.9
1977-01-01,3503.9
1977-04-01,3561.7
1977-07-01,3610.8
1977-10-01,3599.3
1978-01-01,3629.1
1978-04-01,3737.9
1978-07-01,3769.8
1978-10-01,3819.3
1979-01-01,3821.2
1979-04-01,3829.8
1979-07-01,3862.0
1979-10-01,3868.3
1980-01-01,3884.6
1980-04-01,3782.3
1980-07-01,3780.5
1980-10-01,3846.2
1981-01-01,3901.6
1981-04-01,3882.8
1981-07-01,3904.9
1981-10-01,3848.5
1982-01-01,3793.0
1982-04-01,3810.3
1982-07-01,3789.4
1982-10-01,3791.7
1983-01-01,3816.5
1983-04-01,3916.7
1983-07-01,3978.8
1983-10-01,4046.6
1984-01-01,4119.1
1984-04-01,4169.4
1984-07-01,4193.0
1984-10-01,4216.4
1985-01-01,4238.1
1985-04-01,4270.5
1985-07-01,4321.8
1985-10-01,4349.5
1986-01-01,4406.4
1986-04-01,4394.6
1986-07-01,4422.3
1986-10-01,4430.8
1987-01-01,4463.9
1987-04-01,4517.8
1987-07-01,4563.6
1987-10-01,4633.0
1988-01-01,4667.1
1988-04-01,4710.3
1988-07-01,4738.7
1988-10-01,4789.0
1989-01-01,4830.7
1989-04-01,4851.6
1989-07-01,4853.4
1989-10-01,4875.1
1990-01-01,4916.4
1990-04-01,4933.4
1990-07-01,4920.9
1990-10-01,4895.4
1991-01-01,4859.3
1991-04-01,4867.5
1991-07-01,4880.3
1991-10-01,4890.9
1992-01-01,4939.0
1992-04-01,4962.2
1992-07-01,5006.4
1992-10-01,5068.4
